Pathway_ID,Pathway_Name,Tissue,SNP_chr_pos_ref_alt,SNP_rsID,eQTL_Gene_Ensembl_Versioned,eQTL_Gene_Ensembl_NoVersion,eQTL_Gene_Entrez,eQTL_Gene_Symbol,eQTL_Gene_Name,eQTL_pval_nominal,eQTL_pval_perm,eQTL_pval_beta,eQTL_qval,eQTL_slope,eQTL_slope_se,eQTL_TSS_Distance,Variant_Chr,Variant_Pos,Variant_Ref,Variant_Alt
hsa05016,Huntington disease - Homo sapiens (human),Brain_Cortex_v10_hg38,chr22_39094916_G_A_b38,rs67488873,ENSG00000100246.13,ENSG00000100246,10126,DNAL4,DNAL4,2.58616e-05,0.0465953,0.0492067,0.033746,-0.449663,0.104541,300718,chr22,39094916,G,A
hsa00240,Pyrimidine metabolism - Homo sapiens (human),Brain_Cortex_v10_hg38,chr22_19873638_C_T_b38,rs7290770,ENSG00000184470.21,ENSG00000184470,10587,TXNRD2,TXNRD2,8.68701e-30,9.999e-05,1.06489e-24,9.20272e-24,-0.674314,0.0506947,-68094,chr22,19873638,C,T
hsa00450,Selenocompound metabolism - Homo sapiens (human),Brain_Cortex_v10_hg38,chr22_19873638_C_T_b38,rs7290770,ENSG00000184470.21,ENSG00000184470,10587,TXNRD2,TXNRD2,8.68701e-30,9.999e-05,1.06489e-24,9.20272e-24,-0.674314,0.0506947,-68094,chr22,19873638,C,T
hsa03013,Nucleocytoplasmic transport - Homo sapiens (human),Brain_Cortex_v10_hg38,chr22_45164116_T_C_b38,rs132850,ENSG00000093000.19,ENSG00000093000,10762,NUP50,NUP50,5.24746e-24,9.999e-05,2.51538e-19,1.43254e-18,0.365256,0.0318653,191,chr22,45164116,T,C
hsa00564,Glycerophospholipid metabolism - Homo sapiens (human),Brain_Cortex_v10_hg38,chr22_50582239_C_A_b38,rs86337,ENSG00000100288.20,ENSG00000100288,1120,CHKB,CHKB,2.57992e-33,9.999e-05,5.22316e-28,5.9536e-27,0.530227,0.0367942,-19216,chr22,50582239,C,A
hsa01100,Metabolic pathways - Homo sapiens (human),Brain_Cortex_v10_hg38,chr22_50582239_C_A_b38,rs86337,ENSG00000100288.20,ENSG00000100288,1120,CHKB,CHKB,2.57992e-33,9.999e-05,5.22316e-28,5.9536e-27,0.530227,0.0367942,-19216,chr22,50582239,C,A
hsa04060,Cytokine-cytokine receptor interaction - Homo sapiens (human),Brain_Cortex_v10_hg38,chr22_41933280_G_A_b38,rs112045239,ENSG00000159958.7,ENSG00000159958,115650,TNFRSF13C,TNFRSF13C,1.53999e-07,0.00019998,0.000347868,0.000408791,0.486652,0.0896442,6474,chr22,41933280,G,A
hsa04672,Intestinal immune network for IgA production - Homo sapiens (human),Brain_Cortex_v10_hg38,chr22_41933280_G_A_b38,rs112045239,ENSG00000159958.7,ENSG00000159958,115650,TNFRSF13C,TNFRSF13C,1.53999e-07,0.00019998,0.000347868,0.000408791,0.486652,0.0896442,6474,chr22,41933280,G,A
hsa05340,Primary immunodeficiency - Homo sapiens (human),Brain_Cortex_v10_hg38,chr22_41933280_G_A_b38,rs112045239,ENSG00000159958.7,ENSG00000159958,115650,TNFRSF13C,TNFRSF13C,1.53999e-07,0.00019998,0.000347868,0.000408791,0.486652,0.0896442,6474,chr22,41933280,G,A
hsa00140,Steroid hormone biosynthesis - Homo sapiens (human),Brain_Cortex_v10_hg38,chr22_19937643_G_A_b38,rs73880021,ENSG00000093010.15,ENSG00000093010,1312,COMT,COMT,1.64832e-08,9.999e-05,5.46935e-05,7.34307e-05,-0.318713,0.0542898,-3728,chr22,19937643,G,A
hsa00350,Tyrosine metabolism - Homo sapiens (human),Brain_Cortex_v10_hg38,chr22_19937643_G_A_b38,rs73880021,ENSG00000093010.15,ENSG00000093010,1312,COMT,COMT,1.64832e-08,9.999e-05,5.46935e-05,7.34307e-05,-0.318713,0.0542898,-3728,chr22,19937643,G,A
hsa01100,Metabolic pathways - Homo sapiens (human),Brain_Cortex_v10_hg38,chr22_19937643_G_A_b38,rs73880021,ENSG00000093010.15,ENSG00000093010,1312,COMT,COMT,1.64832e-08,9.999e-05,5.46935e-05,7.34307e-05,-0.318713,0.0542898,-3728,chr22,19937643,G,A
hsa00071,Fatty acid degradation - Homo sapiens (human),Brain_Cortex_v10_hg38,chr22_50583170_C_T_b38,rs131756,ENSG00000205560.13,ENSG00000205560,1375,CPT1B,CPT1B,4.72366e-33,9.999e-05,1.29564e-27,1.42562e-26,0.55362,0.0386387,4715,chr22,50583170,C,T
hsa03320,PPAR signaling pathway - Homo sapiens (human),Brain_Cortex_v10_hg38,chr22_50583170_C_T_b38,rs131756,ENSG00000205560.13,ENSG00000205560,1375,CPT1B,CPT1B,4.72366e-33,9.999e-05,1.29564e-27,1.42562e-26,0.55362,0.0386387,4715,chr22,50583170,C,T
hsa04920,Adipocytokine signaling pathway - Homo sapiens (human),Brain_Cortex_v10_hg38,chr22_50583170_C_T_b38,rs131756,ENSG00000205560.13,ENSG00000205560,1375,CPT1B,CPT1B,4.72366e-33,9.999e-05,1.29564e-27,1.42562e-26,0.55362,0.0386387,4715,chr22,50583170,C,T
hsa04010,MAPK signaling pathway - Homo sapiens (human),Brain_Cortex_v10_hg38,chr22_20929330_A_T_b38,rs5761382,ENSG00000099942.13,ENSG00000099942,1399,CRKL,CRKL,1.12026e-06,0.00209979,0.0027527,0.0027233,-0.260089,0.0518715,11923,chr22,20929330,A,T
hsa04012,ErbB signaling pathway - Homo sapiens (human),Brain_Cortex_v10_hg38,chr22_20929330_A_T_b38,rs5761382,ENSG00000099942.13,ENSG00000099942,1399,CRKL,CRKL,1.12026e-06,0.00209979,0.0027527,0.0027233,-0.260089,0.0518715,11923,chr22,20929330,A,T
hsa04062,Chemokine signaling pathway - Homo sapiens (human),Brain_Cortex_v10_hg38,chr22_20929330_A_T_b38,rs5761382,ENSG00000099942.13,ENSG00000099942,1399,CRKL,CRKL,1.12026e-06,0.00209979,0.0027527,0.0027233,-0.260089,0.0518715,11923,chr22,20929330,A,T
hsa04510,Focal adhesion - Homo sapiens (human),Brain_Cortex_v10_hg38,chr22_20929330_A_T_b38,rs5761382,ENSG00000099942.13,ENSG00000099942,1399,CRKL,CRKL,1.12026e-06,0.00209979,0.0027527,0.0027233,-0.260089,0.0518715,11923,chr22,20929330,A,T
hsa04666,Fc gamma R-mediated phagocytosis - Homo sapiens (human),Brain_Cortex_v10_hg38,chr22_20929330_A_T_b38,rs5761382,ENSG00000099942.13,ENSG00000099942,1399,CRKL,CRKL,1.12026e-06,0.00209979,0.0027527,0.0027233,-0.260089,0.0518715,11923,chr22,20929330,A,T
hsa04722,Neurotrophin signaling pathway - Homo sapiens (human),Brain_Cortex_v10_hg38,chr22_20929330_A_T_b38,rs5761382,ENSG00000099942.13,ENSG00000099942,1399,CRKL,CRKL,1.12026e-06,0.00209979,0.0027527,0.0027233,-0.260089,0.0518715,11923,chr22,20929330,A,T
hsa04810,Regulation of actin cytoskeleton - Homo sapiens (human),Brain_Cortex_v10_hg38,chr22_20929330_A_T_b38,rs5761382,ENSG00000099942.13,ENSG00000099942,1399,CRKL,CRKL,1.12026e-06,0.00209979,0.0027527,0.0027233,-0.260089,0.0518715,11923,chr22,20929330,A,T
hsa04910,Insulin signaling pathway - Homo sapiens (human),Brain_Cortex_v10_hg38,chr22_20929330_A_T_b38,rs5761382,ENSG00000099942.13,ENSG00000099942,1399,CRKL,CRKL,1.12026e-06,0.00209979,0.0027527,0.0027233,-0.260089,0.0518715,11923,chr22,20929330,A,T
hsa05100,Bacterial invasion of epithelial cells - Homo sapiens (human),Brain_Cortex_v10_hg38,chr22_20929330_A_T_b38,rs5761382,ENSG00000099942.13,ENSG00000099942,1399,CRKL,CRKL,1.12026e-06,0.00209979,0.0027527,0.0027233,-0.260089,0.0518715,11923,chr22,20929330,A,T
hsa05131,Shigellosis - Homo sapiens (human),Brain_Cortex_v10_hg38,chr22_20929330_A_T_b38,rs5761382,ENSG00000099942.13,ENSG00000099942,1399,CRKL,CRKL,1.12026e-06,0.00209979,0.0027527,0.0027233,-0.260089,0.0518715,11923,chr22,20929330,A,T
hsa05200,Pathways in cancer - Homo sapiens (human),Brain_Cortex_v10_hg38,chr22_20929330_A_T_b38,rs5761382,ENSG00000099942.13,ENSG00000099942,1399,CRKL,CRKL,1.12026e-06,0.00209979,0.0027527,0.0027233,-0.260089,0.0518715,11923,chr22,20929330,A,T
hsa05211,Renal cell carcinoma - Homo sapiens (human),Brain_Cortex_v10_hg38,chr22_20929330_A_T_b38,rs5761382,ENSG00000099942.13,ENSG00000099942,1399,CRKL,CRKL,1.12026e-06,0.00209979,0.0027527,0.0027233,-0.260089,0.0518715,11923,chr22,20929330,A,T
hsa05220,Chronic myeloid leukemia - Homo sapiens (human),Brain_Cortex_v10_hg38,chr22_20929330_A_T_b38,rs5761382,ENSG00000099942.13,ENSG00000099942,1399,CRKL,CRKL,1.12026e-06,0.00209979,0.0027527,0.0027233,-0.260089,0.0518715,11923,chr22,20929330,A,T
hsa00982,Drug metabolism - cytochrome P450 - Homo sapiens (human),Brain_Cortex_v10_hg38,chr22_42138673_C_T_b38,rs2743451,ENSG00000100197.23,ENSG00000100197,1565,CYP2D6,CYP2D6,1.1544e-42,9.999e-05,9.4801e-36,1.8079e-34,0.900467,0.0518596,7808,chr22,42138673,C,T
hsa00230,Purine metabolism - Homo sapiens (human),Brain_Cortex_v10_hg38,chr22_40350207_T_C_b38,rs8192455,ENSG00000239900.14,ENSG00000239900,158,ADSL,ADSL,2.90239e-08,9.999e-05,5.84162e-05,7.80719e-05,0.385822,0.0669725,3746,chr22,40350207,T,C
hsa00250,"Alanine, aspartate and glutamate metabolism - Homo sapiens (human)",Brain_Cortex_v10_hg38,chr22_40350207_T_C_b38,rs8192455,ENSG00000239900.14,ENSG00000239900,158,ADSL,ADSL,2.90239e-08,9.999e-05,5.84162e-05,7.80719e-05,0.385822,0.0669725,3746,chr22,40350207,T,C
hsa01100,Metabolic pathways - Homo sapiens (human),Brain_Cortex_v10_hg38,chr22_40350207_T_C_b38,rs8192455,ENSG00000239900.14,ENSG00000239900,158,ADSL,ADSL,2.90239e-08,9.999e-05,5.84162e-05,7.80719e-05,0.385822,0.0669725,3746,chr22,40350207,T,C
hsa00230,Purine metabolism - Homo sapiens (human),Brain_Cortex_v10_hg38,chr22_41506499_T_C_b38,rs137830,ENSG00000100413.17,ENSG00000100413,171568,POLR3H,POLR3H,1.15584e-22,9.999e-05,1.24659e-17,6.21596e-17,0.596591,0.0540998,-38107,chr22,41506499,T,C
hsa00240,Pyrimidine metabolism - Homo sapiens (human),Brain_Cortex_v10_hg38,chr22_41506499_T_C_b38,rs137830,ENSG00000100413.17,ENSG00000100413,171568,POLR3H,POLR3H,1.15584e-22,9.999e-05,1.24659e-17,6.21596e-17,0.596591,0.0540998,-38107,chr22,41506499,T,C
hsa01100,Metabolic pathways - Homo sapiens (human),Brain_Cortex_v10_hg38,chr22_41506499_T_C_b38,rs137830,ENSG00000100413.17,ENSG00000100413,171568,POLR3H,POLR3H,1.15584e-22,9.999e-05,1.24659e-17,6.21596e-17,0.596591,0.0540998,-38107,chr22,41506499,T,C
hsa03020,RNA polymerase - Homo sapiens (human),Brain_Cortex_v10_hg38,chr22_41506499_T_C_b38,rs137830,ENSG00000100413.17,ENSG00000100413,171568,POLR3H,POLR3H,1.15584e-22,9.999e-05,1.24659e-17,6.21596e-17,0.596591,0.0540998,-38107,chr22,41506499,T,C
hsa04623,Cytosolic DNA-sensing pathway - Homo sapiens (human),Brain_Cortex_v10_hg38,chr22_41506499_T_C_b38,rs137830,ENSG00000100413.17,ENSG00000100413,171568,POLR3H,POLR3H,1.15584e-22,9.999e-05,1.24659e-17,6.21596e-17,0.596591,0.0540998,-38107,chr22,41506499,T,C
hsa00520,Amino sugar and nucleotide sugar metabolism - Homo sapiens (human),Brain_Cortex_v10_hg38,chr22_42619710_T_C_b38,rs137124,ENSG00000100243.22,ENSG00000100243,1727,CYB5R3,CYB5R3,1.01393e-12,9.999e-05,9.51951e-09,2.09433e-08,-0.250766,0.0330586,-65229,chr22,42619710,T,C
hsa04120,Ubiquitin mediated proteolysis - Homo sapiens (human),Brain_Cortex_v10_hg38,chr22_21653239_C_G_b38,rs861843,ENSG00000100023.20,ENSG00000100023,23759,PPIL2,PPIL2,1.28422e-07,0.00049995,0.000385446,0.00044962,-0.279126,0.0510703,-12761,chr22,21653239,C,G
hsa00564,Glycerophospholipid metabolism - Homo sapiens (human),Brain_Cortex_v10_hg38,chr22_31619464_T_G_b38,rs9956,ENSG00000241878.12,ENSG00000241878,23761,PISD,PISD,6.3914e-21,9.999e-05,1.86081e-16,8.44049e-16,0.312389,0.0298754,-42757,chr22,31619464,T,G
hsa01100,Metabolic pathways - Homo sapiens (human),Brain_Cortex_v10_hg38,chr22_31619464_T_G_b38,rs9956,ENSG00000241878.12,ENSG00000241878,23761,PISD,PISD,6.3914e-21,9.999e-05,1.86081e-16,8.44049e-16,0.312389,0.0298754,-42757,chr22,31619464,T,G
hsa04060,Cytokine-cytokine receptor interaction - Homo sapiens (human),Brain_Cortex_v10_hg38,chr22_17058090_C_G_b38,rs2845401,ENSG00000177663.14,ENSG00000177663,23765,IL17RA,IL17RA,1.95735e-21,9.999e-05,3.00973e-17,1.45592e-16,0.44469,0.0418502,-26864,chr22,17058090,C,G
hsa04144,Endocytosis - Homo sapiens (human),Brain_Cortex_v10_hg38,chr22_42866507_A_G_b38,rs7287107,ENSG00000242247.11,ENSG00000242247,26286,ARFGAP3,ARFGAP3,3.29812e-16,9.999e-05,6.38778e-12,1.96116e-11,0.318148,0.0359269,8401,chr22,42866507,A,G
hsa00430,Taurine and hypotaurine metabolism - Homo sapiens (human),Brain_Cortex_v10_hg38,chr22_24609020_G_C_b38,rs57719575,ENSG00000100031.19,ENSG00000100031,2678,GGT1,GGT1,3.3823e-19,9.999e-05,5.06701e-15,2.06039e-14,1.61128,0.163052,14209,chr22,24609020,G,C
hsa00460,Name not in API list for hsa00460,Brain_Cortex_v10_hg38,chr22_24609020_G_C_b38,rs57719575,ENSG00000100031.19,ENSG00000100031,2678,GGT1,GGT1,3.3823e-19,9.999e-05,5.06701e-15,2.06039e-14,1.61128,0.163052,14209,chr22,24609020,G,C
hsa00480,Glutathione metabolism - Homo sapiens (human),Brain_Cortex_v10_hg38,chr22_24609020_G_C_b38,rs57719575,ENSG00000100031.19,ENSG00000100031,2678,GGT1,GGT1,3.3823e-19,9.999e-05,5.06701e-15,2.06039e-14,1.61128,0.163052,14209,chr22,24609020,G,C
hsa00590,Arachidonic acid metabolism - Homo sapiens (human),Brain_Cortex_v10_hg38,chr22_24609020_G_C_b38,rs57719575,ENSG00000100031.19,ENSG00000100031,2678,GGT1,GGT1,3.3823e-19,9.999e-05,5.06701e-15,2.06039e-14,1.61128,0.163052,14209,chr22,24609020,G,C
hsa01100,Metabolic pathways - Homo sapiens (human),Brain_Cortex_v10_hg38,chr22_24609020_G_C_b38,rs57719575,ENSG00000100031.19,ENSG00000100031,2678,GGT1,GGT1,3.3823e-19,9.999e-05,5.06701e-15,2.06039e-14,1.61128,0.163052,14209,chr22,24609020,G,C
hsa00430,Taurine and hypotaurine metabolism - Homo sapiens (human),Brain_Cortex_v10_hg38,chr22_24250164_G_T_b38,rs9624436,ENSG00000099998.19,ENSG00000099998,2687,GGT5,GGT5,1.67745e-06,0.00389961,0.00524081,0.00489085,-0.17295,0.0351045,5082,chr22,24250164,G,T
hsa00460,Name not in API list for hsa00460,Brain_Cortex_v10_hg38,chr22_24250164_G_T_b38,rs9624436,ENSG00000099998.19,ENSG00000099998,2687,GGT5,GGT5,1.67745e-06,0.00389961,0.00524081,0.00489085,-0.17295,0.0351045,5082,chr22,24250164,G,T
hsa00480,Glutathione metabolism - Homo sapiens (human),Brain_Cortex_v10_hg38,chr22_24250164_G_T_b38,rs9624436,ENSG00000099998.19,ENSG00000099998,2687,GGT5,GGT5,1.67745e-06,0.00389961,0.00524081,0.00489085,-0.17295,0.0351045,5082,chr22,24250164,G,T
hsa00590,Arachidonic acid metabolism - Homo sapiens (human),Brain_Cortex_v10_hg38,chr22_24250164_G_T_b38,rs9624436,ENSG00000099998.19,ENSG00000099998,2687,GGT5,GGT5,1.67745e-06,0.00389961,0.00524081,0.00489085,-0.17295,0.0351045,5082,chr22,24250164,G,T
hsa01100,Metabolic pathways - Homo sapiens (human),Brain_Cortex_v10_hg38,chr22_24250164_G_T_b38,rs9624436,ENSG00000099998.19,ENSG00000099998,2687,GGT5,GGT5,1.67745e-06,0.00389961,0.00524081,0.00489085,-0.17295,0.0351045,5082,chr22,24250164,G,T
hsa03008,Ribosome biogenesis in eukaryotes - Homo sapiens (human),Brain_Cortex_v10_hg38,chr22_42513904_A_G_b38,rs111405219,ENSG00000189306.11,ENSG00000189306,27341,RRP7A,RRP7A,2.59639e-11,9.999e-05,1.89004e-07,3.56923e-07,-0.631996,0.0897675,-5892,chr22,42513904,A,G
hsa00061,Fatty acid biosynthesis - Homo sapiens (human),Brain_Cortex_v10_hg38,chr22_43123076_A_G_b38,rs4988409,ENSG00000100294.13,ENSG00000100294,27349,MCAT,MCAT,2.55987e-16,9.999e-05,5.50801e-12,1.70225e-11,0.239267,0.0269018,-20322,chr22,43123076,A,G
hsa01100,Metabolic pathways - Homo sapiens (human),Brain_Cortex_v10_hg38,chr22_43123076_A_G_b38,rs4988409,ENSG00000100294.13,ENSG00000100294,27349,MCAT,MCAT,2.55987e-16,9.999e-05,5.50801e-12,1.70225e-11,0.239267,0.0269018,-20322,chr22,43123076,A,G
hsa04730,Long-term depression - Homo sapiens (human),Brain_Cortex_v10_hg38,chr22_23069838_A_G_b38,rs3788337,ENSG00000128266.9,ENSG00000128266,2781,GNAZ,GNAZ,6.65996e-20,9.999e-05,1.28924e-15,5.4783e-15,0.24701,0.0244118,-681,chr22,23069838,A,G
hsa04080,Neuroactive ligand-receptor interaction - Homo sapiens (human),Brain_Cortex_v10_hg38,chr22_40682469_T_C_b38,rs133074,ENSG00000128285.5,ENSG00000128285,2847,MCHR1,MCHR1,3.53612e-08,9.999e-05,6.86175e-05,9.10159e-05,0.137714,0.0240662,3196,chr22,40682469,T,C
hsa00480,Glutathione metabolism - Homo sapiens (human),Brain_Cortex_v10_hg38,chr22_23939206_T_C_b38,rs78331094,ENSG00000099984.11,ENSG00000099984,2953,GSTT2,GSTT2,1.25649e-44,9.999e-05,2.78077e-39,6.60502e-38,-1.234,0.0685839,-40852,chr22,23939206,T,C
hsa00980,Metabolism of xenobiotics by cytochrome P450 - Homo sapiens (human),Brain_Cortex_v10_hg38,chr22_23939206_T_C_b38,rs78331094,ENSG00000099984.11,ENSG00000099984,2953,GSTT2,GSTT2,1.25649e-44,9.999e-05,2.78077e-39,6.60502e-38,-1.234,0.0685839,-40852,chr22,23939206,T,C
hsa00982,Drug metabolism - cytochrome P450 - Homo sapiens (human),Brain_Cortex_v10_hg38,chr22_23939206_T_C_b38,rs78331094,ENSG00000099984.11,ENSG00000099984,2953,GSTT2,GSTT2,1.25649e-44,9.999e-05,2.78077e-39,6.60502e-38,-1.234,0.0685839,-40852,chr22,23939206,T,C
hsa04510,Focal adhesion - Homo sapiens (human),Brain_Cortex_v10_hg38,chr22_44024618_A_G_b38,rs112385337,ENSG00000188677.15,ENSG00000188677,29780,PARVB,PARVB,1.0902e-16,9.999e-05,1.75399e-12,5.70755e-12,-0.430569,0.0477153,25407,chr22,44024618,A,G
hsa00860,Porphyrin metabolism - Homo sapiens (human),Brain_Cortex_v10_hg38,chr22_35382609_C_T_b38,rs56033205,ENSG00000100292.18,ENSG00000100292,3162,HMOX1,HMOX1,2.4484e-06,0.00509949,0.00611696,0.00560821,-0.400246,0.0826298,2248,chr22,35382609,C,T
hsa04060,Cytokine-cytokine receptor interaction - Homo sapiens (human),Brain_Cortex_v10_hg38,chr22_37319342_C_T_b38,rs112967010,ENSG00000100385.14,ENSG00000100385,3560,IL2RB,IL2RB,1.62946e-05,0.0437956,0.0453397,0.0315748,-2.30815,0.523211,144288,chr22,37319342,C,T
hsa04144,Endocytosis - Homo sapiens (human),Brain_Cortex_v10_hg38,chr22_37319342_C_T_b38,rs112967010,ENSG00000100385.14,ENSG00000100385,3560,IL2RB,IL2RB,1.62946e-05,0.0437956,0.0453397,0.0315748,-2.30815,0.523211,144288,chr22,37319342,C,T
hsa04630,JAK-STAT signaling pathway - Homo sapiens (human),Brain_Cortex_v10_hg38,chr22_37319342_C_T_b38,rs112967010,ENSG00000100385.14,ENSG00000100385,3560,IL2RB,IL2RB,1.62946e-05,0.0437956,0.0453397,0.0315748,-2.30815,0.523211,144288,chr22,37319342,C,T
hsa04360,Axon guidance - Homo sapiens (human),Brain_Cortex_v10_hg38,chr22_31356075_C_G_b38,rs71324184,ENSG00000182541.18,ENSG00000182541,3985,LIMK2,LIMK2,2.06653e-10,9.999e-05,8.33214e-07,1.44801e-06,-0.185129,0.0277204,143801,chr22,31356075,C,G
hsa04666,Fc gamma R-mediated phagocytosis - Homo sapiens (human),Brain_Cortex_v10_hg38,chr22_31356075_C_G_b38,rs71324184,ENSG00000182541.18,ENSG00000182541,3985,LIMK2,LIMK2,2.06653e-10,9.999e-05,8.33214e-07,1.44801e-06,-0.185129,0.0277204,143801,chr22,31356075,C,G
hsa04810,Regulation of actin cytoskeleton - Homo sapiens (human),Brain_Cortex_v10_hg38,chr22_31356075_C_G_b38,rs71324184,ENSG00000182541.18,ENSG00000182541,3985,LIMK2,LIMK2,2.06653e-10,9.999e-05,8.33214e-07,1.44801e-06,-0.185129,0.0277204,143801,chr22,31356075,C,G
hsa00600,Sphingolipid metabolism - Homo sapiens (human),Brain_Cortex_v10_hg38,chr22_50568559_T_C_b38,rs5770905,ENSG00000100299.18,ENSG00000100299,410,ARSA,ARSA,1.06946e-06,0.00159984,0.00276698,0.00273537,0.291645,0.0580495,-59614,chr22,50568559,T,C
hsa04142,Lysosome - Homo sapiens (human),Brain_Cortex_v10_hg38,chr22_50568559_T_C_b38,rs5770905,ENSG00000100299.18,ENSG00000100299,410,ARSA,ARSA,1.06946e-06,0.00159984,0.00276698,0.00273537,0.291645,0.0580495,-59614,chr22,50568559,T,C
hsa00510,N-Glycan biosynthesis - Homo sapiens (human),Brain_Cortex_v10_hg38,chr22_39459535_G_C_b38,rs5757685,ENSG00000128268.12,ENSG00000128268,4248,MGAT3,MGAT3,1.51018e-09,9.999e-05,5.35739e-06,8.31904e-06,0.145923,0.02309,2523,chr22,39459535,G,C
hsa01100,Metabolic pathways - Homo sapiens (human),Brain_Cortex_v10_hg38,chr22_39459535_G_C_b38,rs5757685,ENSG00000128268.12,ENSG00000128268,4248,MGAT3,MGAT3,1.51018e-09,9.999e-05,5.35739e-06,8.31904e-06,0.145923,0.02309,2523,chr22,39459535,G,C
hsa00270,Cysteine and methionine metabolism - Homo sapiens (human),Brain_Cortex_v10_hg38,chr22_37023444_G_A_b38,rs12158886,ENSG00000128309.17,ENSG00000128309,4357,MPST,MPST,1.32233e-07,0.00029997,0.00050348,0.000576707,-0.707941,0.129669,3803,chr22,37023444,G,A
hsa01100,Metabolic pathways - Homo sapiens (human),Brain_Cortex_v10_hg38,chr22_37023444_G_A_b38,rs12158886,ENSG00000128309.17,ENSG00000128309,4357,MPST,MPST,1.32233e-07,0.00029997,0.00050348,0.000576707,-0.707941,0.129669,3803,chr22,37023444,G,A
hsa04122,Sulfur relay system - Homo sapiens (human),Brain_Cortex_v10_hg38,chr22_37023444_G_A_b38,rs12158886,ENSG00000128309.17,ENSG00000128309,4357,MPST,MPST,1.32233e-07,0.00029997,0.00050348,0.000576707,-0.707941,0.129669,3803,chr22,37023444,G,A
hsa00603,Glycosphingolipid biosynthesis - globo and isoglobo series - Homo sapiens (human),Brain_Cortex_v10_hg38,chr22_42070901_C_T_b38,rs133376,ENSG00000198951.12,ENSG00000198951,4668,NAGA,NAGA,7.43048e-25,9.999e-05,1.46723e-19,8.51501e-19,0.414497,0.0353199,59,chr22,42070901,C,T
hsa04142,Lysosome - Homo sapiens (human),Brain_Cortex_v10_hg38,chr22_42070901_C_T_b38,rs133376,ENSG00000198951.12,ENSG00000198951,4668,NAGA,NAGA,7.43048e-25,9.999e-05,1.46723e-19,8.51501e-19,0.414497,0.0353199,59,chr22,42070901,C,T
hsa04010,MAPK signaling pathway - Homo sapiens (human),Brain_Cortex_v10_hg38,chr22_39520621_T_TC_b38,.,ENSG00000128272.18,ENSG00000128272,468,ATF4,ATF4,1.33216e-12,9.999e-05,7.0659e-09,1.58127e-08,0.306946,0.0407065,926,chr22,39520621,T,TC
hsa04141,Protein processing in endoplasmic reticulum - Homo sapiens (human),Brain_Cortex_v10_hg38,chr22_39520621_T_TC_b38,.,ENSG00000128272.18,ENSG00000128272,468,ATF4,ATF4,1.33216e-12,9.999e-05,7.0659e-09,1.58127e-08,0.306946,0.0407065,926,chr22,39520621,T,TC
hsa04720,Long-term potentiation - Homo sapiens (human),Brain_Cortex_v10_hg38,chr22_39520621_T_TC_b38,.,ENSG00000128272.18,ENSG00000128272,468,ATF4,ATF4,1.33216e-12,9.999e-05,7.0659e-09,1.58127e-08,0.306946,0.0407065,926,chr22,39520621,T,TC
hsa04722,Neurotrophin signaling pathway - Homo sapiens (human),Brain_Cortex_v10_hg38,chr22_39520621_T_TC_b38,.,ENSG00000128272.18,ENSG00000128272,468,ATF4,ATF4,1.33216e-12,9.999e-05,7.0659e-09,1.58127e-08,0.306946,0.0407065,926,chr22,39520621,T,TC
hsa04912,GnRH signaling pathway - Homo sapiens (human),Brain_Cortex_v10_hg38,chr22_39520621_T_TC_b38,.,ENSG00000128272.18,ENSG00000128272,468,ATF4,ATF4,1.33216e-12,9.999e-05,7.0659e-09,1.58127e-08,0.306946,0.0407065,926,chr22,39520621,T,TC
hsa05215,Prostate cancer - Homo sapiens (human),Brain_Cortex_v10_hg38,chr22_39520621_T_TC_b38,.,ENSG00000128272.18,ENSG00000128272,468,ATF4,ATF4,1.33216e-12,9.999e-05,7.0659e-09,1.58127e-08,0.306946,0.0407065,926,chr22,39520621,T,TC
hsa00190,Oxidative phosphorylation - Homo sapiens (human),Brain_Cortex_v10_hg38,chr22_42090076_G_A_b38,rs1989202,ENSG00000184983.11,ENSG00000184983,4700,NDUFA6,NDUFA6,4.67494e-31,9.999e-05,2.02342e-25,1.86656e-24,1.35758,0.0990859,-808,chr22,42090076,G,A
hsa01100,Metabolic pathways - Homo sapiens (human),Brain_Cortex_v10_hg38,chr22_42090076_G_A_b38,rs1989202,ENSG00000184983.11,ENSG00000184983,4700,NDUFA6,NDUFA6,4.67494e-31,9.999e-05,2.02342e-25,1.86656e-24,1.35758,0.0990859,-808,chr22,42090076,G,A
hsa05010,Alzheimer disease - Homo sapiens (human),Brain_Cortex_v10_hg38,chr22_42090076_G_A_b38,rs1989202,ENSG00000184983.11,ENSG00000184983,4700,NDUFA6,NDUFA6,4.67494e-31,9.999e-05,2.02342e-25,1.86656e-24,1.35758,0.0990859,-808,chr22,42090076,G,A
hsa05012,Parkinson disease - Homo sapiens (human),Brain_Cortex_v10_hg38,chr22_42090076_G_A_b38,rs1989202,ENSG00000184983.11,ENSG00000184983,4700,NDUFA6,NDUFA6,4.67494e-31,9.999e-05,2.02342e-25,1.86656e-24,1.35758,0.0990859,-808,chr22,42090076,G,A
hsa05016,Huntington disease - Homo sapiens (human),Brain_Cortex_v10_hg38,chr22_42090076_G_A_b38,rs1989202,ENSG00000184983.11,ENSG00000184983,4700,NDUFA6,NDUFA6,4.67494e-31,9.999e-05,2.02342e-25,1.86656e-24,1.35758,0.0990859,-808,chr22,42090076,G,A
hsa03008,Ribosome biogenesis in eukaryotes - Homo sapiens (human),Brain_Cortex_v10_hg38,chr22_41996100_T_A_b38,rs56041448,ENSG00000100138.15,ENSG00000100138,4809,SNU13,SNU13,1.47463e-05,0.0173983,0.0190069,0.0151045,0.537613,0.121219,305596,chr22,41996100,T,A
hsa03040,Spliceosome - Homo sapiens (human),Brain_Cortex_v10_hg38,chr22_41996100_T_A_b38,rs56041448,ENSG00000100138.15,ENSG00000100138,4809,SNU13,SNU13,1.47463e-05,0.0173983,0.0190069,0.0151045,0.537613,0.121219,305596,chr22,41996100,T,A
hsa00240,Pyrimidine metabolism - Homo sapiens (human),Brain_Cortex_v10_hg38,chr22_24429543_C_T_b38,rs2298383,ENSG00000100024.15,ENSG00000100024,51733,UPB1,UPB1,6.65873e-13,9.999e-05,7.66108e-09,1.70533e-08,-0.467698,0.0611004,-64564,chr22,24429543,C,T
hsa00410,beta-Alanine metabolism - Homo sapiens (human),Brain_Cortex_v10_hg38,chr22_24429543_C_T_b38,rs2298383,ENSG00000100024.15,ENSG00000100024,51733,UPB1,UPB1,6.65873e-13,9.999e-05,7.66108e-09,1.70533e-08,-0.467698,0.0611004,-64564,chr22,24429543,C,T
hsa00770,Pantothenate and CoA biosynthesis - Homo sapiens (human),Brain_Cortex_v10_hg38,chr22_24429543_C_T_b38,rs2298383,ENSG00000100024.15,ENSG00000100024,51733,UPB1,UPB1,6.65873e-13,9.999e-05,7.66108e-09,1.70533e-08,-0.467698,0.0611004,-64564,chr22,24429543,C,T
hsa00983,Drug metabolism - other enzymes - Homo sapiens (human),Brain_Cortex_v10_hg38,chr22_24429543_C_T_b38,rs2298383,ENSG00000100024.15,ENSG00000100024,51733,UPB1,UPB1,6.65873e-13,9.999e-05,7.66108e-09,1.70533e-08,-0.467698,0.0611004,-64564,chr22,24429543,C,T
hsa01100,Metabolic pathways - Homo sapiens (human),Brain_Cortex_v10_hg38,chr22_24429543_C_T_b38,rs2298383,ENSG00000100024.15,ENSG00000100024,51733,UPB1,UPB1,6.65873e-13,9.999e-05,7.66108e-09,1.70533e-08,-0.467698,0.0611004,-64564,chr22,24429543,C,T
hsa00190,Oxidative phosphorylation - Homo sapiens (human),Brain_Cortex_v10_hg38,chr22_17625472_G_GTCTCAAACTCCCAACCTCAGGTGA_b38,.,ENSG00000131100.13,ENSG00000131100,529,ATP6V1E1,ATP6V1E1,6.79983e-06,0.0188981,0.0196306,0.0155565,-0.107809,0.0233627,-3277,chr22,17625472,G,GTCTCAAACTCCCAACCTCAGGTGA
hsa01100,Metabolic pathways - Homo sapiens (human),Brain_Cortex_v10_hg38,chr22_17625472_G_GTCTCAAACTCCCAACCTCAGGTGA_b38,.,ENSG00000131100.13,ENSG00000131100,529,ATP6V1E1,ATP6V1E1,6.79983e-06,0.0188981,0.0196306,0.0155565,-0.107809,0.0233627,-3277,chr22,17625472,G,GTCTCAAACTCCCAACCTCAGGTGA
hsa04145,Phagosome - Homo sapiens (human),Brain_Cortex_v10_hg38,chr22_17625472_G_GTCTCAAACTCCCAACCTCAGGTGA_b38,.,ENSG00000131100.13,ENSG00000131100,529,ATP6V1E1,ATP6V1E1,6.79983e-06,0.0188981,0.0196306,0.0155565,-0.107809,0.0233627,-3277,chr22,17625472,G,GTCTCAAACTCCCAACCTCAGGTGA
hsa04966,Collecting duct acid secretion - Homo sapiens (human),Brain_Cortex_v10_hg38,chr22_17625472_G_GTCTCAAACTCCCAACCTCAGGTGA_b38,.,ENSG00000131100.13,ENSG00000131100,529,ATP6V1E1,ATP6V1E1,6.79983e-06,0.0188981,0.0196306,0.0155565,-0.107809,0.0233627,-3277,chr22,17625472,G,GTCTCAAACTCCCAACCTCAGGTGA
hsa05110,Vibrio cholerae infection - Homo sapiens (human),Brain_Cortex_v10_hg38,chr22_17625472_G_GTCTCAAACTCCCAACCTCAGGTGA_b38,.,ENSG00000131100.13,ENSG00000131100,529,ATP6V1E1,ATP6V1E1,6.79983e-06,0.0188981,0.0196306,0.0155565,-0.107809,0.0233627,-3277,chr22,17625472,G,GTCTCAAACTCCCAACCTCAGGTGA
hsa05120,Epithelial cell signaling in Helicobacter pylori infection - Homo sapiens (human),Brain_Cortex_v10_hg38,chr22_17625472_G_GTCTCAAACTCCCAACCTCAGGTGA_b38,.,ENSG00000131100.13,ENSG00000131100,529,ATP6V1E1,ATP6V1E1,6.79983e-06,0.0188981,0.0196306,0.0155565,-0.107809,0.0233627,-3277,chr22,17625472,G,GTCTCAAACTCCCAACCTCAGGTGA
hsa05323,Rheumatoid arthritis - Homo sapiens (human),Brain_Cortex_v10_hg38,chr22_17625472_G_GTCTCAAACTCCCAACCTCAGGTGA_b38,.,ENSG00000131100.13,ENSG00000131100,529,ATP6V1E1,ATP6V1E1,6.79983e-06,0.0188981,0.0196306,0.0155565,-0.107809,0.0233627,-3277,chr22,17625472,G,GTCTCAAACTCCCAACCTCAGGTGA
hsa00562,Inositol phosphate metabolism - Homo sapiens (human),Brain_Cortex_v10_hg38,chr22_20680362_G_A_b38,rs591446,ENSG00000241973.11,ENSG00000241973,5297,PI4KA,PI4KA,4.27709e-07,0.00089991,0.0010986,0.00117953,0.0853764,0.0163613,-179055,chr22,20680362,G,A
hsa01100,Metabolic pathways - Homo sapiens (human),Brain_Cortex_v10_hg38,chr22_20680362_G_A_b38,rs591446,ENSG00000241973.11,ENSG00000241973,5297,PI4KA,PI4KA,4.27709e-07,0.00089991,0.0010986,0.00117953,0.0853764,0.0163613,-179055,chr22,20680362,G,A
hsa04070,Phosphatidylinositol signaling system - Homo sapiens (human),Brain_Cortex_v10_hg38,chr22_20680362_G_A_b38,rs591446,ENSG00000241973.11,ENSG00000241973,5297,PI4KA,PI4KA,4.27709e-07,0.00089991,0.0010986,0.00117953,0.0853764,0.0163613,-179055,chr22,20680362,G,A
hsa00051,Fructose and mannose metabolism - Homo sapiens (human),Brain_Cortex_v10_hg38,chr22_41590139_G_A_b38,rs138378981,ENSG00000100417.12,ENSG00000100417,5372,PMM1,PMM1,4.46383e-06,0.00549945,0.00711176,0.0064245,0.56688,0.120355,292,chr22,41590139,G,A
hsa00520,Amino sugar and nucleotide sugar metabolism - Homo sapiens (human),Brain_Cortex_v10_hg38,chr22_41590139_G_A_b38,rs138378981,ENSG00000100417.12,ENSG00000100417,5372,PMM1,PMM1,4.46383e-06,0.00549945,0.00711176,0.0064245,0.56688,0.120355,292,chr22,41590139,G,A
hsa01100,Metabolic pathways - Homo sapiens (human),Brain_Cortex_v10_hg38,chr22_41590139_G_A_b38,rs138378981,ENSG00000100417.12,ENSG00000100417,5372,PMM1,PMM1,4.46383e-06,0.00549945,0.00711176,0.0064245,0.56688,0.120355,292,chr22,41590139,G,A
hsa00603,Glycosphingolipid biosynthesis - globo and isoglobo series - Homo sapiens (human),Brain_Cortex_v10_hg38,chr22_42732026_C_T_b38,rs738531,ENSG00000128274.17,ENSG00000128274,53947,A4GALT,A4GALT,3.82324e-11,9.999e-05,3.16635e-07,5.81072e-07,-0.218209,0.0312903,10728,chr22,42732026,C,T
hsa01100,Metabolic pathways - Homo sapiens (human),Brain_Cortex_v10_hg38,chr22_42732026_C_T_b38,rs738531,ENSG00000128274.17,ENSG00000128274,53947,A4GALT,A4GALT,3.82324e-11,9.999e-05,3.16635e-07,5.81072e-07,-0.218209,0.0312903,10728,chr22,42732026,C,T
hsa04122,Sulfur relay system - Homo sapiens (human),Brain_Cortex_v10_hg38,chr22_46294651_G_C_b38,rs113008751,ENSG00000100416.15,ENSG00000100416,55687,TRMU,TRMU,8.51484e-07,0.00289971,0.00362268,0.00349507,0.310786,0.0612645,-36224,chr22,46294651,G,C
hsa04010,MAPK signaling pathway - Homo sapiens (human),Brain_Cortex_v10_hg38,chr22_50261058_G_C_b38,rs2272856,ENSG00000185386.15,ENSG00000185386,5600,MAPK11,MAPK11,1.69469e-06,0.0039996,0.00527901,0.0049207,0.217776,0.0442229,-9709,chr22,50261058,G,C
hsa04370,VEGF signaling pathway - Homo sapiens (human),Brain_Cortex_v10_hg38,chr22_50261058_G_C_b38,rs2272856,ENSG00000185386.15,ENSG00000185386,5600,MAPK11,MAPK11,1.69469e-06,0.0039996,0.00527901,0.0049207,0.217776,0.0442229,-9709,chr22,50261058,G,C
hsa04380,Osteoclast differentiation - Homo sapiens (human),Brain_Cortex_v10_hg38,chr22_50261058_G_C_b38,rs2272856,ENSG00000185386.15,ENSG00000185386,5600,MAPK11,MAPK11,1.69469e-06,0.0039996,0.00527901,0.0049207,0.217776,0.0442229,-9709,chr22,50261058,G,C
hsa04620,Toll-like receptor signaling pathway - Homo sapiens (human),Brain_Cortex_v10_hg38,chr22_50261058_G_C_b38,rs2272856,ENSG00000185386.15,ENSG00000185386,5600,MAPK11,MAPK11,1.69469e-06,0.0039996,0.00527901,0.0049207,0.217776,0.0442229,-9709,chr22,50261058,G,C
hsa04621,NOD-like receptor signaling pathway - Homo sapiens (human),Brain_Cortex_v10_hg38,chr22_50261058_G_C_b38,rs2272856,ENSG00000185386.15,ENSG00000185386,5600,MAPK11,MAPK11,1.69469e-06,0.0039996,0.00527901,0.0049207,0.217776,0.0442229,-9709,chr22,50261058,G,C
hsa04622,RIG-I-like receptor signaling pathway - Homo sapiens (human),Brain_Cortex_v10_hg38,chr22_50261058_G_C_b38,rs2272856,ENSG00000185386.15,ENSG00000185386,5600,MAPK11,MAPK11,1.69469e-06,0.0039996,0.00527901,0.0049207,0.217776,0.0442229,-9709,chr22,50261058,G,C
hsa04660,T cell receptor signaling pathway - Homo sapiens (human),Brain_Cortex_v10_hg38,chr22_50261058_G_C_b38,rs2272856,ENSG00000185386.15,ENSG00000185386,5600,MAPK11,MAPK11,1.69469e-06,0.0039996,0.00527901,0.0049207,0.217776,0.0442229,-9709,chr22,50261058,G,C
hsa04664,Fc epsilon RI signaling pathway - Homo sapiens (human),Brain_Cortex_v10_hg38,chr22_50261058_G_C_b38,rs2272856,ENSG00000185386.15,ENSG00000185386,5600,MAPK11,MAPK11,1.69469e-06,0.0039996,0.00527901,0.0049207,0.217776,0.0442229,-9709,chr22,50261058,G,C
hsa04670,Leukocyte transendothelial migration - Homo sapiens (human),Brain_Cortex_v10_hg38,chr22_50261058_G_C_b38,rs2272856,ENSG00000185386.15,ENSG00000185386,5600,MAPK11,MAPK11,1.69469e-06,0.0039996,0.00527901,0.0049207,0.217776,0.0442229,-9709,chr22,50261058,G,C
hsa04722,Neurotrophin signaling pathway - Homo sapiens (human),Brain_Cortex_v10_hg38,chr22_50261058_G_C_b38,rs2272856,ENSG00000185386.15,ENSG00000185386,5600,MAPK11,MAPK11,1.69469e-06,0.0039996,0.00527901,0.0049207,0.217776,0.0442229,-9709,chr22,50261058,G,C
hsa04912,GnRH signaling pathway - Homo sapiens (human),Brain_Cortex_v10_hg38,chr22_50261058_G_C_b38,rs2272856,ENSG00000185386.15,ENSG00000185386,5600,MAPK11,MAPK11,1.69469e-06,0.0039996,0.00527901,0.0049207,0.217776,0.0442229,-9709,chr22,50261058,G,C
hsa04914,Progesterone-mediated oocyte maturation - Homo sapiens (human),Brain_Cortex_v10_hg38,chr22_50261058_G_C_b38,rs2272856,ENSG00000185386.15,ENSG00000185386,5600,MAPK11,MAPK11,1.69469e-06,0.0039996,0.00527901,0.0049207,0.217776,0.0442229,-9709,chr22,50261058,G,C
hsa05014,Amyotrophic lateral sclerosis - Homo sapiens (human),Brain_Cortex_v10_hg38,chr22_50261058_G_C_b38,rs2272856,ENSG00000185386.15,ENSG00000185386,5600,MAPK11,MAPK11,1.69469e-06,0.0039996,0.00527901,0.0049207,0.217776,0.0442229,-9709,chr22,50261058,G,C
hsa05120,Epithelial cell signaling in Helicobacter pylori infection - Homo sapiens (human),Brain_Cortex_v10_hg38,chr22_50261058_G_C_b38,rs2272856,ENSG00000185386.15,ENSG00000185386,5600,MAPK11,MAPK11,1.69469e-06,0.0039996,0.00527901,0.0049207,0.217776,0.0442229,-9709,chr22,50261058,G,C
hsa05131,Shigellosis - Homo sapiens (human),Brain_Cortex_v10_hg38,chr22_50261058_G_C_b38,rs2272856,ENSG00000185386.15,ENSG00000185386,5600,MAPK11,MAPK11,1.69469e-06,0.0039996,0.00527901,0.0049207,0.217776,0.0442229,-9709,chr22,50261058,G,C
hsa05140,Leishmaniasis - Homo sapiens (human),Brain_Cortex_v10_hg38,chr22_50261058_G_C_b38,rs2272856,ENSG00000185386.15,ENSG00000185386,5600,MAPK11,MAPK11,1.69469e-06,0.0039996,0.00527901,0.0049207,0.217776,0.0442229,-9709,chr22,50261058,G,C
hsa05142,Chagas disease - Homo sapiens (human),Brain_Cortex_v10_hg38,chr22_50261058_G_C_b38,rs2272856,ENSG00000185386.15,ENSG00000185386,5600,MAPK11,MAPK11,1.69469e-06,0.0039996,0.00527901,0.0049207,0.217776,0.0442229,-9709,chr22,50261058,G,C
hsa05145,Toxoplasmosis - Homo sapiens (human),Brain_Cortex_v10_hg38,chr22_50261058_G_C_b38,rs2272856,ENSG00000185386.15,ENSG00000185386,5600,MAPK11,MAPK11,1.69469e-06,0.0039996,0.00527901,0.0049207,0.217776,0.0442229,-9709,chr22,50261058,G,C
hsa05160,Hepatitis C - Homo sapiens (human),Brain_Cortex_v10_hg38,chr22_50261058_G_C_b38,rs2272856,ENSG00000185386.15,ENSG00000185386,5600,MAPK11,MAPK11,1.69469e-06,0.0039996,0.00527901,0.0049207,0.217776,0.0442229,-9709,chr22,50261058,G,C
hsa00330,Arginine and proline metabolism - Homo sapiens (human),Brain_Cortex_v10_hg38,chr22_18954203_C_T_b38,rs5992343,ENSG00000100033.17,ENSG00000100033,5625,PRODH,PRODH,1.01096e-06,0.00249975,0.00208807,0.00212349,-0.194232,0.0385677,17793,chr22,18954203,C,T
hsa01100,Metabolic pathways - Homo sapiens (human),Brain_Cortex_v10_hg38,chr22_18954203_C_T_b38,rs5992343,ENSG00000100033.17,ENSG00000100033,5625,PRODH,PRODH,1.01096e-06,0.00249975,0.00208807,0.00212349,-0.194232,0.0385677,17793,chr22,18954203,C,T
hsa05200,Pathways in cancer - Homo sapiens (human),Brain_Cortex_v10_hg38,chr22_23319613_A_G_b38,rs3876055,ENSG00000186716.21,ENSG00000186716,613,BCR,BCR,2.9739e-43,9.999e-05,1.74902e-37,3.73e-36,0.608349,0.0346602,139909,chr22,23319613,A,G
hsa05220,Chronic myeloid leukemia - Homo sapiens (human),Brain_Cortex_v10_hg38,chr22_23319613_A_G_b38,rs3876055,ENSG00000186716.21,ENSG00000186716,613,BCR,BCR,2.9739e-43,9.999e-05,1.74902e-37,3.73e-36,0.608349,0.0346602,139909,chr22,23319613,A,G
hsa04010,MAPK signaling pathway - Homo sapiens (human),Brain_Cortex_v10_hg38,chr22_50257479_G_T_b38,rs5771285,ENSG00000188130.14,ENSG00000188130,6300,MAPK12,MAPK12,6.5223e-45,9.999e-05,5.1955e-38,1.13547e-36,-0.843748,0.0466569,-4237,chr22,50257479,G,T
hsa04114,Oocyte meiosis - Homo sapiens (human),Brain_Cortex_v10_hg38,chr22_50257479_G_T_b38,rs5771285,ENSG00000188130.14,ENSG00000188130,6300,MAPK12,MAPK12,6.5223e-45,9.999e-05,5.1955e-38,1.13547e-36,-0.843748,0.0466569,-4237,chr22,50257479,G,T
hsa04370,VEGF signaling pathway - Homo sapiens (human),Brain_Cortex_v10_hg38,chr22_50257479_G_T_b38,rs5771285,ENSG00000188130.14,ENSG00000188130,6300,MAPK12,MAPK12,6.5223e-45,9.999e-05,5.1955e-38,1.13547e-36,-0.843748,0.0466569,-4237,chr22,50257479,G,T
hsa04380,Osteoclast differentiation - Homo sapiens (human),Brain_Cortex_v10_hg38,chr22_50257479_G_T_b38,rs5771285,ENSG00000188130.14,ENSG00000188130,6300,MAPK12,MAPK12,6.5223e-45,9.999e-05,5.1955e-38,1.13547e-36,-0.843748,0.0466569,-4237,chr22,50257479,G,T
hsa04620,Toll-like receptor signaling pathway - Homo sapiens (human),Brain_Cortex_v10_hg38,chr22_50257479_G_T_b38,rs5771285,ENSG00000188130.14,ENSG00000188130,6300,MAPK12,MAPK12,6.5223e-45,9.999e-05,5.1955e-38,1.13547e-36,-0.843748,0.0466569,-4237,chr22,50257479,G,T
hsa04621,NOD-like receptor signaling pathway - Homo sapiens (human),Brain_Cortex_v10_hg38,chr22_50257479_G_T_b38,rs5771285,ENSG00000188130.14,ENSG00000188130,6300,MAPK12,MAPK12,6.5223e-45,9.999e-05,5.1955e-38,1.13547e-36,-0.843748,0.0466569,-4237,chr22,50257479,G,T
hsa04622,RIG-I-like receptor signaling pathway - Homo sapiens (human),Brain_Cortex_v10_hg38,chr22_50257479_G_T_b38,rs5771285,ENSG00000188130.14,ENSG00000188130,6300,MAPK12,MAPK12,6.5223e-45,9.999e-05,5.1955e-38,1.13547e-36,-0.843748,0.0466569,-4237,chr22,50257479,G,T
hsa04660,T cell receptor signaling pathway - Homo sapiens (human),Brain_Cortex_v10_hg38,chr22_50257479_G_T_b38,rs5771285,ENSG00000188130.14,ENSG00000188130,6300,MAPK12,MAPK12,6.5223e-45,9.999e-05,5.1955e-38,1.13547e-36,-0.843748,0.0466569,-4237,chr22,50257479,G,T
hsa04664,Fc epsilon RI signaling pathway - Homo sapiens (human),Brain_Cortex_v10_hg38,chr22_50257479_G_T_b38,rs5771285,ENSG00000188130.14,ENSG00000188130,6300,MAPK12,MAPK12,6.5223e-45,9.999e-05,5.1955e-38,1.13547e-36,-0.843748,0.0466569,-4237,chr22,50257479,G,T
hsa04670,Leukocyte transendothelial migration - Homo sapiens (human),Brain_Cortex_v10_hg38,chr22_50257479_G_T_b38,rs5771285,ENSG00000188130.14,ENSG00000188130,6300,MAPK12,MAPK12,6.5223e-45,9.999e-05,5.1955e-38,1.13547e-36,-0.843748,0.0466569,-4237,chr22,50257479,G,T
hsa04722,Neurotrophin signaling pathway - Homo sapiens (human),Brain_Cortex_v10_hg38,chr22_50257479_G_T_b38,rs5771285,ENSG00000188130.14,ENSG00000188130,6300,MAPK12,MAPK12,6.5223e-45,9.999e-05,5.1955e-38,1.13547e-36,-0.843748,0.0466569,-4237,chr22,50257479,G,T
hsa04912,GnRH signaling pathway - Homo sapiens (human),Brain_Cortex_v10_hg38,chr22_50257479_G_T_b38,rs5771285,ENSG00000188130.14,ENSG00000188130,6300,MAPK12,MAPK12,6.5223e-45,9.999e-05,5.1955e-38,1.13547e-36,-0.843748,0.0466569,-4237,chr22,50257479,G,T
hsa04914,Progesterone-mediated oocyte maturation - Homo sapiens (human),Brain_Cortex_v10_hg38,chr22_50257479_G_T_b38,rs5771285,ENSG00000188130.14,ENSG00000188130,6300,MAPK12,MAPK12,6.5223e-45,9.999e-05,5.1955e-38,1.13547e-36,-0.843748,0.0466569,-4237,chr22,50257479,G,T
hsa05014,Amyotrophic lateral sclerosis - Homo sapiens (human),Brain_Cortex_v10_hg38,chr22_50257479_G_T_b38,rs5771285,ENSG00000188130.14,ENSG00000188130,6300,MAPK12,MAPK12,6.5223e-45,9.999e-05,5.1955e-38,1.13547e-36,-0.843748,0.0466569,-4237,chr22,50257479,G,T
hsa05120,Epithelial cell signaling in Helicobacter pylori infection - Homo sapiens (human),Brain_Cortex_v10_hg38,chr22_50257479_G_T_b38,rs5771285,ENSG00000188130.14,ENSG00000188130,6300,MAPK12,MAPK12,6.5223e-45,9.999e-05,5.1955e-38,1.13547e-36,-0.843748,0.0466569,-4237,chr22,50257479,G,T
hsa05131,Shigellosis - Homo sapiens (human),Brain_Cortex_v10_hg38,chr22_50257479_G_T_b38,rs5771285,ENSG00000188130.14,ENSG00000188130,6300,MAPK12,MAPK12,6.5223e-45,9.999e-05,5.1955e-38,1.13547e-36,-0.843748,0.0466569,-4237,chr22,50257479,G,T
hsa05140,Leishmaniasis - Homo sapiens (human),Brain_Cortex_v10_hg38,chr22_50257479_G_T_b38,rs5771285,ENSG00000188130.14,ENSG00000188130,6300,MAPK12,MAPK12,6.5223e-45,9.999e-05,5.1955e-38,1.13547e-36,-0.843748,0.0466569,-4237,chr22,50257479,G,T
hsa05142,Chagas disease - Homo sapiens (human),Brain_Cortex_v10_hg38,chr22_50257479_G_T_b38,rs5771285,ENSG00000188130.14,ENSG00000188130,6300,MAPK12,MAPK12,6.5223e-45,9.999e-05,5.1955e-38,1.13547e-36,-0.843748,0.0466569,-4237,chr22,50257479,G,T
hsa05145,Toxoplasmosis - Homo sapiens (human),Brain_Cortex_v10_hg38,chr22_50257479_G_T_b38,rs5771285,ENSG00000188130.14,ENSG00000188130,6300,MAPK12,MAPK12,6.5223e-45,9.999e-05,5.1955e-38,1.13547e-36,-0.843748,0.0466569,-4237,chr22,50257479,G,T
hsa05160,Hepatitis C - Homo sapiens (human),Brain_Cortex_v10_hg38,chr22_50257479_G_T_b38,rs5771285,ENSG00000188130.14,ENSG00000188130,6300,MAPK12,MAPK12,6.5223e-45,9.999e-05,5.1955e-38,1.13547e-36,-0.843748,0.0466569,-4237,chr22,50257479,G,T
hsa04115,p53 signaling pathway - Homo sapiens (human),Brain_Cortex_v10_hg38,chr22_17673395_T_C_b38,rs13055718,ENSG00000015475.19,ENSG00000015475,637,BID,BID,2.71219e-18,9.999e-05,3.45017e-14,1.3034e-13,-0.495904,0.0517859,-101375,chr22,17673395,T,C
hsa04210,Apoptosis - Homo sapiens (human),Brain_Cortex_v10_hg38,chr22_17673395_T_C_b38,rs13055718,ENSG00000015475.19,ENSG00000015475,637,BID,BID,2.71219e-18,9.999e-05,3.45017e-14,1.3034e-13,-0.495904,0.0517859,-101375,chr22,17673395,T,C
hsa04650,Natural killer cell mediated cytotoxicity - Homo sapiens (human),Brain_Cortex_v10_hg38,chr22_17673395_T_C_b38,rs13055718,ENSG00000015475.19,ENSG00000015475,637,BID,BID,2.71219e-18,9.999e-05,3.45017e-14,1.3034e-13,-0.495904,0.0517859,-101375,chr22,17673395,T,C
hsa05010,Alzheimer disease - Homo sapiens (human),Brain_Cortex_v10_hg38,chr22_17673395_T_C_b38,rs13055718,ENSG00000015475.19,ENSG00000015475,637,BID,BID,2.71219e-18,9.999e-05,3.45017e-14,1.3034e-13,-0.495904,0.0517859,-101375,chr22,17673395,T,C
hsa05014,Amyotrophic lateral sclerosis - Homo sapiens (human),Brain_Cortex_v10_hg38,chr22_17673395_T_C_b38,rs13055718,ENSG00000015475.19,ENSG00000015475,637,BID,BID,2.71219e-18,9.999e-05,3.45017e-14,1.3034e-13,-0.495904,0.0517859,-101375,chr22,17673395,T,C
hsa05200,Pathways in cancer - Homo sapiens (human),Brain_Cortex_v10_hg38,chr22_17673395_T_C_b38,rs13055718,ENSG00000015475.19,ENSG00000015475,637,BID,BID,2.71219e-18,9.999e-05,3.45017e-14,1.3034e-13,-0.495904,0.0517859,-101375,chr22,17673395,T,C
hsa05416,Viral myocarditis - Homo sapiens (human),Brain_Cortex_v10_hg38,chr22_17673395_T_C_b38,rs13055718,ENSG00000015475.19,ENSG00000015475,637,BID,BID,2.71219e-18,9.999e-05,3.45017e-14,1.3034e-13,-0.495904,0.0517859,-101375,chr22,17673395,T,C
hsa04977,Vitamin digestion and absorption - Homo sapiens (human),Brain_Cortex_v10_hg38,chr22_30624354_G_T_b38,rs12485165,ENSG00000185339.9,ENSG00000185339,6948,TCN2,TCN2,1.97798e-10,9.999e-05,7.85633e-07,1.36952e-06,-0.339555,0.0507843,17270,chr22,30624354,G,T
hsa04080,Neuroactive ligand-receptor interaction - Homo sapiens (human),Brain_Cortex_v10_hg38,chr22_43161853_G_A_b38,rs2157248,ENSG00000100300.18,ENSG00000100300,706,TSPO,TSPO,4.98296e-07,0.00139986,0.00184975,0.00190357,0.127476,0.0245799,10306,chr22,43161853,G,A
hsa00270,Cysteine and methionine metabolism - Homo sapiens (human),Brain_Cortex_v10_hg38,chr22_37022220_G_A_b38,rs62230792,ENSG00000128311.14,ENSG00000128311,7263,TST,TST,2.56312e-08,0.00019998,0.000101731,0.000131145,0.288747,0.049912,2037,chr22,37022220,G,A
hsa01100,Metabolic pathways - Homo sapiens (human),Brain_Cortex_v10_hg38,chr22_37022220_G_A_b38,rs62230792,ENSG00000128311.14,ENSG00000128311,7263,TST,TST,2.56312e-08,0.00019998,0.000101731,0.000131145,0.288747,0.049912,2037,chr22,37022220,G,A
hsa04122,Sulfur relay system - Homo sapiens (human),Brain_Cortex_v10_hg38,chr22_37022220_G_A_b38,rs62230792,ENSG00000128311.14,ENSG00000128311,7263,TST,TST,2.56312e-08,0.00019998,0.000101731,0.000131145,0.288747,0.049912,2037,chr22,37022220,G,A
hsa04120,Ubiquitin mediated proteolysis - Homo sapiens (human),Brain_Cortex_v10_hg38,chr22_21577975_A_G_b38,rs181363,ENSG00000185651.15,ENSG00000185651,7332,UBE2L3,UBE2L3,1.59054e-08,9.999e-05,5.01947e-05,6.77576e-05,0.235364,0.0400451,10428,chr22,21577975,A,G
hsa05012,Parkinson disease - Homo sapiens (human),Brain_Cortex_v10_hg38,chr22_21577975_A_G_b38,rs181363,ENSG00000185651.15,ENSG00000185651,7332,UBE2L3,UBE2L3,1.59054e-08,9.999e-05,5.01947e-05,6.77576e-05,0.235364,0.0400451,10428,chr22,21577975,A,G
hsa04141,Protein processing in endoplasmic reticulum - Homo sapiens (human),Brain_Cortex_v10_hg38,chr22_19298533_G_T_b38,rs7292908,ENSG00000070010.19,ENSG00000070010,7353,UFD1,UFD1,1.91432e-05,0.0385961,0.0387824,0.0277384,-0.220141,0.0503375,-180669,chr22,19298533,G,T
hsa04310,Wnt signaling pathway - Homo sapiens (human),Brain_Cortex_v10_hg38,chr22_46379298_T_C_b38,rs2017222,ENSG00000188064.10,ENSG00000188064,7477,WNT7B,WNT7B,4.8066e-06,0.0160984,0.016868,0.0136634,-0.36611,0.0780059,402136,chr22,46379298,T,C
hsa04340,Hedgehog signaling pathway - Homo sapiens (human),Brain_Cortex_v10_hg38,chr22_46379298_T_C_b38,rs2017222,ENSG00000188064.10,ENSG00000188064,7477,WNT7B,WNT7B,4.8066e-06,0.0160984,0.016868,0.0136634,-0.36611,0.0780059,402136,chr22,46379298,T,C
hsa04916,Melanogenesis - Homo sapiens (human),Brain_Cortex_v10_hg38,chr22_46379298_T_C_b38,rs2017222,ENSG00000188064.10,ENSG00000188064,7477,WNT7B,WNT7B,4.8066e-06,0.0160984,0.016868,0.0136634,-0.36611,0.0780059,402136,chr22,46379298,T,C
hsa05200,Pathways in cancer - Homo sapiens (human),Brain_Cortex_v10_hg38,chr22_46379298_T_C_b38,rs2017222,ENSG00000188064.10,ENSG00000188064,7477,WNT7B,WNT7B,4.8066e-06,0.0160984,0.016868,0.0136634,-0.36611,0.0780059,402136,chr22,46379298,T,C
hsa05217,Basal cell carcinoma - Homo sapiens (human),Brain_Cortex_v10_hg38,chr22_46379298_T_C_b38,rs2017222,ENSG00000188064.10,ENSG00000188064,7477,WNT7B,WNT7B,4.8066e-06,0.0160984,0.016868,0.0136634,-0.36611,0.0780059,402136,chr22,46379298,T,C
hsa04141,Protein processing in endoplasmic reticulum - Homo sapiens (human),Brain_Cortex_v10_hg38,chr22_28807414_G_A_b38,rs9941965,ENSG00000100219.17,ENSG00000100219,7494,XBP1,XBP1,1.6483e-06,0.00209979,0.00278119,0.00274908,-0.395185,0.0801505,6817,chr22,28807414,G,A
hsa04110,Cell cycle - Homo sapiens (human),Brain_Cortex_v10_hg38,chr22_31918294_A_AAAAT_b38,rs35719902,ENSG00000128245.15,ENSG00000128245,7533,YWHAH,YWHAH,4.2695e-08,9.999e-05,0.000126284,0.000160502,-0.103664,0.0182338,-26228,chr22,31918294,A,AAAAT
hsa04114,Oocyte meiosis - Homo sapiens (human),Brain_Cortex_v10_hg38,chr22_31918294_A_AAAAT_b38,rs35719902,ENSG00000128245.15,ENSG00000128245,7533,YWHAH,YWHAH,4.2695e-08,9.999e-05,0.000126284,0.000160502,-0.103664,0.0182338,-26228,chr22,31918294,A,AAAAT
hsa04722,Neurotrophin signaling pathway - Homo sapiens (human),Brain_Cortex_v10_hg38,chr22_31918294_A_AAAAT_b38,rs35719902,ENSG00000128245.15,ENSG00000128245,7533,YWHAH,YWHAH,4.2695e-08,9.999e-05,0.000126284,0.000160502,-0.103664,0.0182338,-26228,chr22,31918294,A,AAAAT
hsa00510,N-Glycan biosynthesis - Homo sapiens (human),Brain_Cortex_v10_hg38,chr22_49904240_T_C_b38,rs3922872,ENSG00000182858.14,ENSG00000182858,79087,ALG12,ALG12,1.01571e-10,9.999e-05,7.20467e-07,1.26175e-06,0.619122,0.090998,-14198,chr22,49904240,T,C
hsa01100,Metabolic pathways - Homo sapiens (human),Brain_Cortex_v10_hg38,chr22_49904240_T_C_b38,rs3922872,ENSG00000182858.14,ENSG00000182858,79087,ALG12,ALG12,1.01571e-10,9.999e-05,7.20467e-07,1.26175e-06,0.619122,0.090998,-14198,chr22,49904240,T,C
hsa04142,Lysosome - Homo sapiens (human),Brain_Cortex_v10_hg38,chr22_19291431_C_A_b38,rs11704438,ENSG00000070371.16,ENSG00000070371,8218,CLTCL1,CLTCL1,3.81567e-33,9.999e-05,9.49237e-28,1.06515e-26,1.26713,0.0882574,-288,chr22,19291431,C,A
hsa04144,Endocytosis - Homo sapiens (human),Brain_Cortex_v10_hg38,chr22_19291431_C_A_b38,rs11704438,ENSG00000070371.16,ENSG00000070371,8218,CLTCL1,CLTCL1,3.81567e-33,9.999e-05,9.49237e-28,1.06515e-26,1.26713,0.0882574,-288,chr22,19291431,C,A
hsa05016,Huntington disease - Homo sapiens (human),Brain_Cortex_v10_hg38,chr22_19291431_C_A_b38,rs11704438,ENSG00000070371.16,ENSG00000070371,8218,CLTCL1,CLTCL1,3.81567e-33,9.999e-05,9.49237e-28,1.06515e-26,1.26713,0.0882574,-288,chr22,19291431,C,A
hsa05100,Bacterial invasion of epithelial cells - Homo sapiens (human),Brain_Cortex_v10_hg38,chr22_19291431_C_A_b38,rs11704438,ENSG00000070371.16,ENSG00000070371,8218,CLTCL1,CLTCL1,3.81567e-33,9.999e-05,9.49237e-28,1.06515e-26,1.26713,0.0882574,-288,chr22,19291431,C,A
hsa00564,Glycerophospholipid metabolism - Homo sapiens (human),Brain_Cortex_v10_hg38,chr22_38130942_G_A_b38,rs2281108,ENSG00000184381.20,ENSG00000184381,8398,PLA2G6,PLA2G6,1.33439e-08,0.00019998,5.43982e-05,7.30589e-05,0.196581,0.0332556,-74748,chr22,38130942,G,A
hsa00565,Ether lipid metabolism - Homo sapiens (human),Brain_Cortex_v10_hg38,chr22_38130942_G_A_b38,rs2281108,ENSG00000184381.20,ENSG00000184381,8398,PLA2G6,PLA2G6,1.33439e-08,0.00019998,5.43982e-05,7.30589e-05,0.196581,0.0332556,-74748,chr22,38130942,G,A
hsa00590,Arachidonic acid metabolism - Homo sapiens (human),Brain_Cortex_v10_hg38,chr22_38130942_G_A_b38,rs2281108,ENSG00000184381.20,ENSG00000184381,8398,PLA2G6,PLA2G6,1.33439e-08,0.00019998,5.43982e-05,7.30589e-05,0.196581,0.0332556,-74748,chr22,38130942,G,A
hsa00591,Linoleic acid metabolism - Homo sapiens (human),Brain_Cortex_v10_hg38,chr22_38130942_G_A_b38,rs2281108,ENSG00000184381.20,ENSG00000184381,8398,PLA2G6,PLA2G6,1.33439e-08,0.00019998,5.43982e-05,7.30589e-05,0.196581,0.0332556,-74748,chr22,38130942,G,A
hsa00592,alpha-Linolenic acid metabolism - Homo sapiens (human),Brain_Cortex_v10_hg38,chr22_38130942_G_A_b38,rs2281108,ENSG00000184381.20,ENSG00000184381,8398,PLA2G6,PLA2G6,1.33439e-08,0.00019998,5.43982e-05,7.30589e-05,0.196581,0.0332556,-74748,chr22,38130942,G,A
hsa01100,Metabolic pathways - Homo sapiens (human),Brain_Cortex_v10_hg38,chr22_38130942_G_A_b38,rs2281108,ENSG00000184381.20,ENSG00000184381,8398,PLA2G6,PLA2G6,1.33439e-08,0.00019998,5.43982e-05,7.30589e-05,0.196581,0.0332556,-74748,chr22,38130942,G,A
hsa04010,MAPK signaling pathway - Homo sapiens (human),Brain_Cortex_v10_hg38,chr22_38130942_G_A_b38,rs2281108,ENSG00000184381.20,ENSG00000184381,8398,PLA2G6,PLA2G6,1.33439e-08,0.00019998,5.43982e-05,7.30589e-05,0.196581,0.0332556,-74748,chr22,38130942,G,A
hsa04270,Vascular smooth muscle contraction - Homo sapiens (human),Brain_Cortex_v10_hg38,chr22_38130942_G_A_b38,rs2281108,ENSG00000184381.20,ENSG00000184381,8398,PLA2G6,PLA2G6,1.33439e-08,0.00019998,5.43982e-05,7.30589e-05,0.196581,0.0332556,-74748,chr22,38130942,G,A
hsa04370,VEGF signaling pathway - Homo sapiens (human),Brain_Cortex_v10_hg38,chr22_38130942_G_A_b38,rs2281108,ENSG00000184381.20,ENSG00000184381,8398,PLA2G6,PLA2G6,1.33439e-08,0.00019998,5.43982e-05,7.30589e-05,0.196581,0.0332556,-74748,chr22,38130942,G,A
hsa04664,Fc epsilon RI signaling pathway - Homo sapiens (human),Brain_Cortex_v10_hg38,chr22_38130942_G_A_b38,rs2281108,ENSG00000184381.20,ENSG00000184381,8398,PLA2G6,PLA2G6,1.33439e-08,0.00019998,5.43982e-05,7.30589e-05,0.196581,0.0332556,-74748,chr22,38130942,G,A
hsa04666,Fc gamma R-mediated phagocytosis - Homo sapiens (human),Brain_Cortex_v10_hg38,chr22_38130942_G_A_b38,rs2281108,ENSG00000184381.20,ENSG00000184381,8398,PLA2G6,PLA2G6,1.33439e-08,0.00019998,5.43982e-05,7.30589e-05,0.196581,0.0332556,-74748,chr22,38130942,G,A
hsa04730,Long-term depression - Homo sapiens (human),Brain_Cortex_v10_hg38,chr22_38130942_G_A_b38,rs2281108,ENSG00000184381.20,ENSG00000184381,8398,PLA2G6,PLA2G6,1.33439e-08,0.00019998,5.43982e-05,7.30589e-05,0.196581,0.0332556,-74748,chr22,38130942,G,A
hsa04912,GnRH signaling pathway - Homo sapiens (human),Brain_Cortex_v10_hg38,chr22_38130942_G_A_b38,rs2281108,ENSG00000184381.20,ENSG00000184381,8398,PLA2G6,PLA2G6,1.33439e-08,0.00019998,5.43982e-05,7.30589e-05,0.196581,0.0332556,-74748,chr22,38130942,G,A
hsa04972,Pancreatic secretion - Homo sapiens (human),Brain_Cortex_v10_hg38,chr22_38130942_G_A_b38,rs2281108,ENSG00000184381.20,ENSG00000184381,8398,PLA2G6,PLA2G6,1.33439e-08,0.00019998,5.43982e-05,7.30589e-05,0.196581,0.0332556,-74748,chr22,38130942,G,A
hsa04975,Fat digestion and absorption - Homo sapiens (human),Brain_Cortex_v10_hg38,chr22_38130942_G_A_b38,rs2281108,ENSG00000184381.20,ENSG00000184381,8398,PLA2G6,PLA2G6,1.33439e-08,0.00019998,5.43982e-05,7.30589e-05,0.196581,0.0332556,-74748,chr22,38130942,G,A
hsa05145,Toxoplasmosis - Homo sapiens (human),Brain_Cortex_v10_hg38,chr22_38130942_G_A_b38,rs2281108,ENSG00000184381.20,ENSG00000184381,8398,PLA2G6,PLA2G6,1.33439e-08,0.00019998,5.43982e-05,7.30589e-05,0.196581,0.0332556,-74748,chr22,38130942,G,A
hsa03013,Nucleocytoplasmic transport - Homo sapiens (human),Brain_Cortex_v10_hg38,chr22_29533250_G_A_b38,rs8135828,ENSG00000100296.14,ENSG00000100296,8563,THOC5,THOC5,7.86043e-08,0.00029997,0.00020536,0.000252001,-0.315007,0.0566129,-21004,chr22,29533250,G,A
hsa04010,MAPK signaling pathway - Homo sapiens (human),Brain_Cortex_v10_hg38,chr22_39645312_C_G_b38,rs2010746,ENSG00000100346.18,ENSG00000100346,8911,CACNA1I,CACNA1I,1.12377e-06,0.00219978,0.00255746,0.00255178,0.145652,0.0290524,74559,chr22,39645312,C,G
hsa04020,Calcium signaling pathway - Homo sapiens (human),Brain_Cortex_v10_hg38,chr22_39645312_C_G_b38,rs2010746,ENSG00000100346.18,ENSG00000100346,8911,CACNA1I,CACNA1I,1.12377e-06,0.00219978,0.00255746,0.00255178,0.145652,0.0290524,74559,chr22,39645312,C,G
hsa04020,Calcium signaling pathway - Homo sapiens (human),Brain_Cortex_v10_hg38,chr22_21015165_A_G_b38,rs71314758,ENSG00000099957.17,ENSG00000099957,9127,P2RX6,P2RX6,7.83698e-27,9.999e-05,1.5083e-22,1.11207e-21,0.765312,0.0618854,12,chr22,21015165,A,G
hsa04080,Neuroactive ligand-receptor interaction - Homo sapiens (human),Brain_Cortex_v10_hg38,chr22_21015165_A_G_b38,rs71314758,ENSG00000099957.17,ENSG00000099957,9127,P2RX6,P2RX6,7.83698e-27,9.999e-05,1.5083e-22,1.11207e-21,0.765312,0.0618854,12,chr22,21015165,A,G
hsa04130,SNARE interactions in vesicular transport - Homo sapiens (human),Brain_Cortex_v10_hg38,chr22_20706531_C_G_b38,rs2259760,ENSG00000099940.12,ENSG00000099940,9342,SNAP29,SNAP29,3.14993e-27,9.999e-05,6.38879e-23,4.8735e-22,-1.04136,0.0833599,-152476,chr22,20706531,C,G
